{
  "black": {
    "twitter": {
      "d": "M13.4237 13.4077C14.6037 13.4077 15.5037 12.4577 15.5037 11.3577V6.8077L15.3137 4.8577L15.8137 5.9977L17.0537 7.2977C17.3937 7.6577 17.8437 7.8777 18.3637 7.8777C19.2337 7.8777 20.1137 7.2077 20.1137 6.2077C20.1137 5.6877 19.9237 5.3277 19.5737 4.9877L15.1337 0.7377C14.5737 0.1877 14.0037 -0.0023 13.4237 -0.0023C12.8537 -0.0023 12.2637 0.1877 11.7137 0.7377L7.2637 4.9877C6.9137 5.3277 6.7437 5.6877 6.7437 6.2077C6.7437 7.2077 7.6037 7.8777 8.4737 7.8777C8.9937 7.8777 9.4637 7.6577 9.8037 7.2977L11.0337 5.9977L11.5437 4.8577L11.3437 6.8077V11.3577C11.3437 12.4577 12.2537 13.4077 13.4237 13.4077ZM5.3637 33.2077H21.3537C24.7337 33.2077 26.7137 31.2377 26.7137 27.8477V15.8977C26.7137 12.5277 24.7337 10.5377 21.3537 10.5377H16.0137V19.7177C16.0137 21.1277 14.8337 22.2677 13.4237 22.2677C12.0037 22.2677 10.8437 21.1277 10.8437 19.7177V10.5377H5.3637C1.9837 10.5377 0.0037 12.5277 0.0037 15.8977V27.8477C0.0037 31.2377 1.9837 33.2077 5.3637 33.2077Z",
      "width": 26.71484375,
      "height": 33.208984375
    }
  }
}
